Имя файла,Ключевые слова (рус),Ключевые слова (англ)
Chizhik_IMS_2014_Abstract_eng.txt,,"Modern Russia, Media Formats, Media, Russia, Modern, Formats, showing, features, article, analyzes"
Leontyeva_IMS_2015_Abstract_rus.txt,"Проводится сравнение, сравнение информационных, точки зрения, средств представления, лингвистических моделей, представления знаний, понимающих, тексты, Общей Онтологии, лингвистической Онтологий",
Maksimov_IMS_2021_Abstract_rus.txt,"трех систем, статье рассматривается, рассматривается технология, технология представления, представления полного, системой трех, полного текста, графом онтологии, функциональной, поиска",
Karbovskii_IMS_2013_Abstract_eng.txt,,"artificial society, society simulation, MMS, cloud, Mobile, support, cloud technologies, decision support, mobile services, second-generation cloud"
Ogay_IMS_2017_Abstract_rus.txt,"наглядной информации, данном докладе, частотные словари, докембрийским акритархам, возможности использования, использования трехмерной, посвященных докембрийским, рассмотрены частотные, трехмерной визуализации, словари научных",
Lyapin_IMS_2014_Abstract_eng.txt,,"Humanities Research, Full-text Search, Research, Humanitariana, University ITMO, Humanities, Full-text, Search, Distributed, Environment"
Platonov_IMS_2013_Abstract_eng.txt,,"Science Websites, Internet Recourses, Websites Structure, FEB RAS, FEB, Websites, Science, RAS, Recourses, Analysis"
Bakhvalov_IMS_2020_Abstract_rus.txt,"количество людей, Количество написанного, является актуальной, каждым годом, начинающих изучать, новые языки, свойственно делать, написанного текста, текста увеличивается, изучать новые",
Bogomolova_IMS_2013_Abstract_rus.txt,"Повышение качества, актуальная проблема, государственное управление, государственного управления, качества государственного, предметной области, управления, государственное, управление, онтологии",
Borisov_IMS_2014_Abstract_eng.txt,,"Modern Theater, Multimedia Technologies, Theater, Modern, Multimedia, Technologies, Internet, ITMO University, Aleksandrinsky Theatre, State University"
Raikov_IMS_2018_Abstract_rus.txt,"одновременно денотативные, учитывать одновременно, моделирование позволяет, Когнитивное моделирование, позволяет учитывать, Больших Данных, формализованные, вещные, когнитивные, мыслительные",
ChizhikMelnikovaZakharov_IMS_2022_Abstract_rus.txt,"публичных групп, Данная статья, города Санкт-Петербурга, статья посвящена, посвящена описанию, описанию эксперимента, оценке тональности, тональности комментариев, постам районных, исследовано",
Goryunova_IMS_2017_Abstract_rus.txt,"Делается заключение, классификации онтологий, области являются, статье исследуются, исследуются основные, основные принципы, принципы классификации, основными компонентами, компонентами онтологии, классы",
Balakshina_IMS_2014_Abstract_rus.txt,"Российской Федерации, актов Российской, Изучение современных, электронными документами, современных особенностей, особенностей взаимодействия, взаимодействия кредитных, кредитных организаций, государственными учетными, учетными финансовыми",
Mbogo_IMS_2013_Abstract_rus.txt,"Информационное общество, Обзорная статья, результаты исследования, научного направления, статья представляет, представляет результаты, целью выбора, выбора базовых, базовых компонентов, создания комплексной",
Ruzanova_IMS_2013_Abstract_eng.txt,,"Republic, Karelia, e-Government development, development, E-Government, services, Dmitry Burakov, state, Elena Kholodkova, government"
Masevich_IMS_2017_Abstract_rus.txt,"Представлены результаты, результаты исследования, которое проводилось, русского корпуса, Google Books, N-gram Viewer, базе русского, Books N-gram, Books, Представлены",
Solovjova_IMS_2013_Abstract_rus.txt,"Современный преподаватель, преподаватель должен, должен обладать, обладать разнообразными, разнообразными знаниями, создавать качественный, качественный мультимедийный, мультимедийный учебный, учебный материал, дистанционного обучения",
Zakharkina_IMS_2013_Abstract_rus.txt,"Применение современных, подготовки контента, развития ресурса, современных информационных, информационных технологий, области искусств, гуманитарных наук, наук имеет, уровне подготовки, этапе программно-технологической",
Dmitrieva_IMS_2014_Abstract_eng.txt,,"Transparency Assessment, Executive Power, Transparency, Power Authorities, Openness, Assessment, Authorities, Executive, Power, Styrin"
Brodovskaya_Siniakov_IMS_2014_Abstract_rus.txt,"российских пользователей, реализованного методом, методом анкетирования, статье представлены, представлены результаты, результаты эмпирического, ценностный выбор, выбор молодых, молодых российских, Мирового Интернет",
Kurochkina_IMS_2017_Abstract_eng.txt,,"Saint Petersburg, Petersburg State, State University, automatic collocation, extractions methods, measures, Evaluation, association measures, collocation, association"
Pijavskij_IMS_2013_Abstract_eng.txt,,"electronic libraries, information, factual information, factual, systematization, Mathematical models, information optimal, optimal systematization, libraries, article describes"
Yatsenko_IMS_2014_Abstract_eng.txt,,"Current Status, Electronic Structure, Current, Ensure, Electronic, Status, Kazakov, Atoms, Structure, Information System"
Mengliev_IMS_2021_Abstract_eng.txt,,"Uzbek Language, Language Morphoanalyzer, Uzbek, morphological analyzer, Language, Morphoanalyzer, analyzer, morphological, Alisher Navoi, issues"
Chizhik_IMS_2013_Abstract_eng.txt,,"effective method, Internet, advertising, PR-communications, effective, method, multimedia product, multimedia, advertising campaigns, Article reviews"
Tolstikova_IMS_2013_Abstract_eng.txt,,"Cultural Studies, social interaction, social, communication, social networks, Studies, Irina Tolstikova, information culture, social processes, networks"
Dubovik_IMS_2017_Abstract_eng.txt,,"style identification, text style, State University, Automatic text, style, texts, statistical parameters, identification, text, Dubovik Saint-Petersburg"
Makarov_IMS_2014_Abstract_eng.txt,,"Higher, Library, Library Technologies, Technologies, Newest, information technologies, Newest Library, Petrova, Sushin, Education"
Brodovskaya_Siniakov_IMS_2014_Abstract_eng.txt,,"Internet Communication, Internet, Communication, Internet Project, World Internet, Young People, Intensity, research, Internet culture, choice"
Masevich_IMS_2016_Abstract_rus.txt,"историкокультурного значения, исторические корпуса, корпуса позволяют, позволяют выявить, выявить факты, Словарь Dictionary.com, квантитативная культурология, культурометрия, научных исследований, Диахронические",
Sokolova_IMS_2020_Abstract_rus.txt,"Работа посвящена, разметке корпусов, посвящена дискурсивной, Rhetoric Structure, Structure Theory, Работа, корпусов, разметки, посвящена, корпусе Ru-RSTreebank",
Sidorova_IMS_2013_Abstract_rus.txt,"муниципального управления, статье дан, дан анализ, анализ теоретических, теоретических подходов, опыта анализа, анализа сайтов, органов государственного, Алтайского края, сайтов органов",
Azarova_IMS_2016_Abstract_eng.txt,,"YARN, RussNet, State University, Federal University, language processing, Russian, University, YARN projects, project, Data"
Zakharov_IMS_2014_Abstract_rus.txt,"Статья представляет, статистических мер, выделению терминологических, терминологических словосочетаний, основе различных, различных статистических, t-score, min, Sketch Engine, Статья",
Grigorieva_IMS_2013_Abstract_rus.txt,"Современное общество, глобальными процессами, общество характеризуется, крайней мере, мере двумя, двумя глобальными, компьютеризацией, Современное, процессами, старением",
Khokhlova_IMS_2018_Abstract_rus.txt,"существующих систем, статье дается, дается обзор, обзор существующих, представляющих информацию, базы данных, систем, представляющих, сочетаемости, разнообразные словари",
Boyarsky_IMS_2015_Abstract_rus.txt,"эквивалентные слову, неизменяемые словосочетания, русском языке, встречаются устойчивые, устойчивые неизменяемые, словосочетаний, эквивалентные, слову, таких словосочетаний, текстах",
Kapterev_IMS_2014_Abstract_rus.txt,"профориентационных решений, продукционных алгоритмов, результате анализа, анализа проблемной, проблемной ситуации, отечественном управлении, управлении профессионализацией, профориентации старших, старших школьников, школьников предложена",
Maksimov_IMS_2023_Abstract_rus.txt,"Работа посвящена, посвящена исследованию, обоснованию свойств, свойств информации, информации, Работа, Информация рассматривается, законами природы, способным изменять, целевого объекта",
Dubovik_IMS_2017_Abstract_rus.txt,"Исследование основывается, возможно определить, принадлежность текста, иному функциональному, функциональному стилю, стилю возможно, статистические параметры, используемые параметры, параметры, Исследование",
Martynenko_IMS_2017_Abstract_eng.txt,,"frequency lists, ordinal statistics, word frequency, State University, Petersburg State, lists, word, ordinal, statistics, consistency"
Kurochkina_IMS_2017_Abstract_rus.txt,"Данная работа, работа посвящена, посвящена оценке, мер ассоциации, ассоциации, мер, оценке мер, выявления коллокаций, Данная, используемых",
Boyarsky_IMS_2015_Abstract_eng.txt,,"ITMO University, Petersburg Institute, Collocations, Collocations regarded, word, regarded, Boyarsky, Kanevsky, RAS, ITMO"
Raikov_IMS_2018_Abstract_eng.txt,,"cognitive models, cognitive, models, Cognitive modelling, big data, data analysis, Sciences RAS, Philosophy RAS, deep learning, Control Sciences"
Pimenov_IMS_2014_Abstract_rus.txt,"Описывается техника, консервации документов, техника составления, сетевой информации, области консервации, составления путеводителя, путеводителя, потенциальные пользователи, Описывается, документов",
Kogan_IMS_2022_Abstract_rus.txt,"Развитие интернета, открытое образование, информационного общества, общества привело, появлению важного, важного тренда, документами ООН, науку, информацию, Развитие",
Zhang_IMS_2019_Abstract_rus.txt,"рассматривается визуализация, визуализация русской, языковой картины, русской языковой, статье рассматривается, семантических полей, концептов, картины, визуализации семантических, семантических",
Mengliev_IMS_2021_Abstract_rus.txt,"узбекского языка, анализатора узбекского, морфологического анализатора, статье рассматривается, создания морфологического, узбекского, языка, составляет морфоанализатора, числе, морфоанализатора узбекского",
Masevich_IMS_2017_Abstract_eng.txt,,"Semantic trasformation, Petersburg State, political vocabulary, State Institute, State University, Petersburg, frequency behavior, State, Semantic, Andrey Ts.Masevich"
Peskova_IMS_2013_Abstract_eng.txt,,"Cloud, cloud services, Cloud systems, Hype Cycle, problems, services, security, systems, strategy, curve Hype"
Ivanchenko_IMS_2013_Abstract_eng.txt,,"Topical issues, mobile technologies, higher education, mobile, Topical, issues, introduction, higher, education, technologies"
Ogay_IMS_2017_Abstract_eng.txt,,"REPORT’S TITLE, ENGLISH, Saint Petersburg, TITLE, State University, Petersburg State, Petersburg, REPORT’S, Saint, visualisation"
Zakharov_IMS_2017_Abstract_rus.txt,"русского языка, Синтаксического словаря, онтология первообразных, конструкций русского, работе представлена, представлена методика, методика построения, построения контекстной, контекстной грамматики, грамматики предложных",
Kislov_IMS_2017_Abstract_rus.txt,"англоязычной лексики, обновлении лексики, Усиливающееся влияние, лингвоспецифичных явлениях, современный китайский, китайский язык, многочисленных заимствованиях, заимствованиях англицизмов, обнаруживаются практически, массовом обновлении",
Voroshilov_IMS_2013_Abstract_rus.txt,"Интернет становится, становится одним, фактографической информации, информации, образовательном процессе, основных источников, Выполнение курсовых, выполнение лабораторных, фактографической, Выполнение",
Belova_IMS_2014_Abstract_rus.txt,"Нижегородской области, Правительством Нижегородской, реализуемых Правительством, Электронный гражданин, гражданин Нижегородской, информационного общества, статье рассматриваются, рассматриваются подходы, использованию интернета, продвижения социальных",
Sampetova_IMS_2018_Abstract_rus.txt,"расстоянии Левенштейна, русскоязычных текстах, n-граммной модели, докладе представлен, представлен опыт, опыт реализации, исправления опечаток, автоматического исправления, реализации алгоритма, алгоритма автоматического",
Kulik_IMS_2014_Abstract_eng.txt,,"Challenge Systemic, Systemic, Challenge, Government, Collaborative governance, government paradigm, government efficiency, Governance, society, mobile Internet"
Artemova_IMS_2015_Abstract_rus.txt,"электронного обучения, подготовки специалистов, областях целесообразно, целесообразно использовать, использовать формат, формат электронного, слабоформализованных предметных, предметных областях, предметных областей, изучаемых предметных",
Popova_IMS_2019_Abstract_rus.txt,"Прагматическое аннотирование, используя определенные, определенные маркеры, эксплицирует коммуникативные, коммуникативные намерения, перцептивной базе, аннотирование корпуса, корпуса повседневной, повседневной русской, собеседниками перцептивной",
Grigoryeva_IMS_2014_Abstract_rus.txt,"Фокус данной, социологических конструктов, пожилого возраста, данной статьи, статьи связан, изменением социологических, изучается старение, Фокус, конструктов, возраста",
Chekmeneva_IMS_2019_Abstract_rus.txt,"Данная работа, музыковедческом дискурсе, работа занимается, занимается исследованием, исследованием феномена, концептуальной метафоры, феномена концептуальной, метафоры Лакоффа, Sketch Engine, теории концептуальной",
Zakharov_IMS_2015_Abstract_eng.txt,,"set phrases, Corpora, State University, set, phrases, corpus, methods, Russian Academy, Corpus linguistics, text corpora"
Filchenkov_IMS_2014_Abstract_eng.txt,,"predict outcomes, tasks methodological, methodological foundations, digital traces, social media, protests tasks, Comparative analysis, problem, media users, traces"
Sedova_IMS_2017_Abstract_rus.txt,"Исследование посвящено, тематического моделирования, текстовых коллекциях, посвящено усовершенствованию, усовершенствованию методов, методов вероятностного, вероятностного тематического, выявление скрытых, скрытых взаимосвязей, исключительно униграммами",
Danilina_IMS_2014_Abstract_rus.txt,"учебных целях, Рассмотрены юридические, учебной литературе, юридические аспекты, аспекты возможности, возможности воспроизведения, воспроизведения авторских, авторских текстов, вопросы свободного, свободного использования",
Melnichuk_IMS_2023_Abstract_rus.txt,"основные NLP-модели, архитектуру трансформеров, нормализующий слои, сравниваются основные, русском языке, исследовании сравниваются, научных статей, основе имеют, имеют архитектуру, механизм",
Bolgov_IMS_2013_Abstract_eng.txt,,"Field, Comparative Analysis, Eastern Europe, experts, covering Russia, Analysis, Surveys, citizens, E-Democracy, E-Participation"
Azarova_IMS_2018_Abstract_eng.txt,,"Russian Prepositional, Semantic Structure, prepositional constructions, Structure, Prepositional, domain, State University, Russian, Petersburg State, relations"
Smirnova_IMS_2017_Abstract_eng.txt,,"Tibetan compounds, Tibetan, lexical database, compounds, lexical, database, State University, Tibetan lexical, processing Tibetan, Principles"
Boykov_IMS_2013_Abstract_eng.txt,,"Semantic Model, Forming Part, Semantic, Thesaurus, Model, InformationAnalytical System, System, Forming, Part, Poetics"
Dyakova_IMS_2014_Abstract_rus.txt,"УрО РАН, Новые парадигмы, Статья подготовлена, совместным проектам, социального знания, рамках программы, программы научных, научных исследований, исследований ИФиП, ИФиП УрО",
Kovalevsky_IMS_2013_Abstract_rus.txt,"Рассмотрены вопросы, направления экспериментальной, экспериментальной геофизики, активно развивающегося, последние десятилетия, вопросы информационной, информационной поддержки, активной сейсмологии, области активной, поддержки научных",
Komarova_IMS_2019_Abstract_rus.txt,"Статья посвящена, навыков обучающихся, посвящена перспективам, перспективам использования, использования подходов, подходов корпусной, корпусной лингвистики, формировании лексико-фразеологических, лексико-фразеологических навыков, практике речевого",
Kulik_IMS_2014_Abstract_rus.txt,"начале XXI, XXI веков, основных факторов, социокультурной трансформации, работе предложен, предложен авторский, авторский взгляд, эволюцию парадигмы, трансформации постиндустриального, парадигмы правления",
Karnup_IMS_2013_Abstract_eng.txt,,"twitter-based linguistic, linguistic research, russian-language microblogging, Russian Twitter, communication, Twitter, Russian, piece, twitter-based, research"
Smorgunov_IMS_2014_Abstract_eng.txt,,"Electronic Platforms, Public Space, Network, Public, Electronic, Platforms, Space, Learning, network community, public service"
Kogan_IMS_2018_Abstract_eng.txt,,"Saint Petersburg, Anna Yaroshevich, Anna Kolotaeva, German, Great Saint, Polytechnic University, University, Anna, Problem, Creating"
Yakushev_IMS_2013_Abstract_eng.txt,,"real world, SNS, SNS Vkontakte, real, social network, network Vkontakte, world, Russian SNS, Networks Sites, social"
Prokudin_IMS_2014_Abstract_rus.txt,"информационных ресурсов, научных исследований, созданию большого, большого специализированных, специализированных информационных, программного обеспечения, Информатизация научно-исследовательской, поддержки научных, научно-исследовательской деятельности, деятельности привела",
Moskvina_IMS_2019_Abstract_rus.txt,"русского языка, рассматривается разработка, конструкциях русского, предложных конструкциях, содержащей информацию, Araneum Russicum, Russicum Minus, данных, разработка базы, базы данных",
Aksarin_IMS_2013_Abstract_rus.txt,"Интернет оказывает, молодое поколение, театрального зрителя, оказывает существенное, существенное влияние, традиционного театрального, стиль поведения, поведения традиционного, поведения, Интернет",
Karbovskii_IMS_2013_Abstract_rus.txt,"платформы CLAVIRE, Рассмотрены аспекты, социальных процессов, аспекты разработки, разработки массовых, массовых мобильных, мобильных сервисов, интеллектуальной поддержки, поддержки персональных, персональных решений",
Boikov_IMS_2019_Abstract_eng.txt,,"State University, Automated Meter, Verse, Formal Language, Language Model, Verse Meters, Demidov State, Moscow State, Yaroslavl Demidov, Lomonosov Moscow"
Mochalova_IMS_2018_Abstract_eng.txt,,"Software implementation, Apache Jena, Jena framework, question-answering system, question-answer system, system, Institution Institute, ontology, Cosmophysical Research, Radio Wave"
Sokolova_IMS_2017_Abstract_eng.txt,,"Keyphrase Extraction, KEA, Russian, applying KEA, processing Russian, State University, Russian texts, Extraction, Keyphrase, Processing"
Ivanova_IMS_2019_Abstract_eng.txt,,"Video games, Video, Content Analysis, games, verbal components, State University, Petersburg State, verbal, Analysis, visual component"
Bershadskaya_IMS_2013_Abstract_rus.txt,"сетях тематик, электронных услуг, представлены результаты, результаты мониторинга, мониторинга обсуждаемости, социальных сетях, статье представлены, развитием электронного, электронного правительства, мониторинга социальных",
Evtushenko_IMS_2013_Abstract_eng.txt,,"Centralized Functional, Complex Centralized, Functional, Strategic Instrument, centralized strategic, Complex, Centralized, Strategic, Instrument, Governance"
Voroshilov_IMS_2013_Abstract_eng.txt,,"information, factual information, network education, information system, factual, search activity, factual search, search, education, information search"
Lipuntsov_IMS_2013_Abstract_rus.txt,"Развитие информационных, сообществ пользователей, информационных технологий, технологий предоставляет, предоставляет новые, новые возможности, рамках различных, различных сообществ, модели данных, Развитие",
Boyarsky_IMS_2021_Abstract_eng.txt,,"ITMO University, Problems RAS, Regional Economics, Economics Problems, Stable Phrases, phrasemes, Phrases, homonymy, includes phrasemes, group"
Koltsov_IMS_2014_Abstract_eng.txt,,"Russian LiveJournal, Topic Model, Semantic Relations, Russian, Semantic, topics, LDA Topic, LDA, Interpretation, texts"
Masevich_IMS_2019_Abstract_eng.txt,,"Petersburg State, State University, State Institute, Semantic fields, color designations, Semantic, color, fields, adjectives, Petersburg"
Popov_IMS_2017_Abstract_rus.txt,"ЧЕРНЫЕ ЛЕБЕДИ, ТЕКСТА Работа, ИЗВЛЕЧЕНИЕ РЕДКИХ, РЕДКИХ СОБЫТИЙ, Работа представляет, черных лебедей, важных аспектов, методов извлечения, ЧЕРНЫЕ, ЛЕБЕДИ",
Kanygin_IMS_2014_Abstract_eng.txt,,"Visualization, Problems, Knowledge, Social, social management, Kanygin, Poltinnikova, visual units, elementary visual, define rules"
Ryabchenko_IMS_2014_Abstract_rus.txt,"данной статье, статье впервые, впервые типологизируются, типологизируются пользователи, пользователи online-социальных, online-социальных сетей, типы пользователей, Границы online-социальных, сетей, типы",
Grigoryuk_IMS_2013_Abstract_eng.txt,,"Data Magament, Web Ttechnologies, Experimental Data, Magament, Modern Web, Data, Experimental, Earth Sounding, data-processing system, system"
Belkin_IMS_2024_Abstract_rus.txt,"Пользовательский фидбек, частности поликлиниками, проблемных аспектов, фидбек является, является ценным, ценным источником, источником информации, пользовательских отзывов, отзывов, оказываемых медицинскими",
Koshcheeva_IMS_2014_Abstract_rus.txt,"ряд экспериментов, работе описывается, описывается ряд, целью сравнить, сравнить методы, методы автоматического, устойчивых глагольно-именных, глагольно-именных словосочетаний, коллокаций, автоматического выделения",
ChizhikEgorov_IMS_2022_Abstract_rus.txt,"медицинских целей, данной статье, статье представлены, представлены методы, методы построения, построения интеллектуальных, интеллектуальных мультимодальных, мультимодальных помощников, целей, вложений слов",
Ivanko_IMS_2013_Abstract_eng.txt,,"Delta Cepstral, Shifted Delta, language identification, Cepstral, Shifted, Delta, SDC, research SDC, features problem, Research"
Belinskaya_IMS_2014_Abstract_rus.txt,"докладе представлен, представлен опыт, библиотечно-библиографических процессов, процессов БАН, фондов БАН, БАН, опыт автоматизации, автоматизации библиотечно-библиографических, Научное наследие, наследие России",
Korablinov_IMS_2020_Abstract_eng.txt,,"ITMO University, knowledge bases, Dataset, knowledge, question answering, Research, answering, bases, question, questions"
Moskvina_IMS_2019_Abstract_eng.txt,,"Russian prepositional, Russian, Database, State University, Petersburg State, prepositional phrases, Russian National, prepositional, Araneum Russicum, Russicum Minus"
Tarumova_IMS_2014_Abstract_rus.txt,"Создание информационной, информационной системы, способствовать распространению, распространению знаний, истории печатных, печатных средств, средств массовой, массовой информации, среды Московского, Московского университета",
Pimenov_IMS_2014_Abstract_eng.txt,,"Developing Document, Document Conservation, Developing, Document, Conservation, guide, conservation webguide, Soldatov, acquisition, Webguide"
Zaides_IMS_2017_Abstract_eng.txt,,"meta-communicative units, Russian monological, monological spontaneous, State University, Petersburg State, speech, text, meta-communicative, units, Russian Communication"
Kazakov_IMS_2014_Abstract_rus.txt,"сетевых сервисов, социальными сетями, называемых социальными, социальных сетевых, сервисов, некоторые проблемы, сетевых, работе рассматриваются, рассматриваются некоторые, социальных",
Sokolova_IMS_2017_Abstract_rus.txt,"Keyphrase Extraction, Extraction Algorithm, извлечения ключевых, ключевых слов, KEA, докладе представлены, представлены результаты, KEA широко, извлечения, ключевых",
Temirova_IMS_2017_Abstract_rus.txt,"Национального Полилингвального, Полилингвального Корпуса, создания Национального, работе рассмотрены, рассмотрены предпосылки, Национального, Полилингвального, имени, НПК, предпосылки создания",
Kovalevsky_IMS_2013_Abstract_eng.txt,,"Informational support, active seismology, Informational, support, research, active, seismology, Grigoriuk, vibroseismic, support vibroseismic"
Smirnova_IMS_2017_Abstract_rus.txt,"Настоящая статья, содержащей единую, лексических единиц, статья посвящена, посвящена исследованию, корпуса текстов, современном тибетском, тибетском языке, использованием реляционной, реляционной лексической",
Juk_IMS_2013_Abstract_eng.txt,,"social networks, Anti-Piracy Law, social, Anti-Piracy, analysis, Law, monitoring Comments, networks, laws nom, response analysis"
Chugunov_IMS_2014_Abstract_rus.txt,"Университета ИТМО, НИУ ВШЭ, повестки дня, коллективом Центра, Центра технологий, ИТМО совместно, Лабораторией интернет-исследований, кампуса НИУ, электронного правительства, правительства Университета",
Alexeeva_IMS_2015_Abstract_rus.txt,"Автоматическая оценка, социальных наук, больших массивов, является важной, важной задачей, массивов текстов, текстов является, оценка тональности, тональности больших, Автоматическая",
Moskvina_IMS_2016_Abstract_rus.txt,"Целью проекта, проекта является, является создание, использованием инструментов, инструментов NLTK, Python, NLTK, создание синтаксического, русского языка, Целью",
Sedova_IMS_2017_Abstract_eng.txt,,"Lexical Constructions, Constructions, Lemmata, Lexical, Topic Modelling, State University, Petersburg State, Russian Texts, Topic, Modelling"
Chizhik_IMS_2021_Abstract_eng.txt,,"Public Mood, Indicating Trends, Topic Models, Comparing LDA, Mood, Models, Indicating, Trends, Public, LSA"
Vidyasova_IMS_2014_Abstract_eng.txt,,"Government Data, Open Government, Government, Data, Discussions Research, Open, Media Discussions, Russia, Social, Russian Federation"
Vozmishcheva_IMS_2014_Abstract_rus.txt,"Обсуждаются научно-методические, билингвистической модели, английский язык, научно-методические аспекты, аспекты двуязычного, математическим дисциплинам, техническом вузе, основе билингвистической, двуязычного обучения, обучения математическим",
Chekmeneva_IMS_2018_Abstract_rus.txt,"корпусных исследований, данной работе, работе автор, автор исследует, исследует проблему, проблему употребления, употребления метафорических, метафорических цветообозначений, русском языке, основе корпусных",
Temirova_IMS_2017_Abstract_eng.txt,,"ABUSUPYAN AKAYEV, NATIONAL MULTILINGUAL, MULTILINGUAL CORPUS, ABUSUPYAN, CORPUS, State University, CORPUS NAMED, Moscow State, MULTILINGUAL, AKAYEV"
Markarova_IMS_2013_Abstract_eng.txt,,"Education, Scientific, Pedagogical Library, Scientific Pedagogical, Library, Pedagogical, Essential Part, Electronic Scientific, Modern Education, Modern"
Kriukova_IMS_2017_Abstract_rus.txt,"русском языке, данной работе, работе рассматривается, рассматривается проблема, семантической близости, DKPro Similarity, близости текстов, проблема оценки, оценки семантической, текстов",
Grigoryuk_IMS_2013_Abstract_rus.txt,"концептуальные основы, докладе рассматриваются, рассматриваются концептуальные, программное обеспечение, обеспечение web-ориентированной, web-ориентированной информационно-вычислительной, информационно-вычислительной системы, управления структурированными, вычислительных экспериментов, неструктурированными данными",
Ivanko_IMS_2013_Abstract_rus.txt,"идентификации языка, статье представлены, представлены результаты, результаты работы, изучению признаков, признаков SDC, целей идентификации, языка, SDC, признаках SDC",
Smirnov_IMS_2014_Abstract_eng.txt,,"Optical Character, Design Features, Mass Optical, Character, Features, Optical, mass OCR, Design, Mass, archival documents"
Zakharov_IMS_2015_Abstract_rus.txt,"статье описываются, описываются экспериментальные, экспериментальные исследования, исследования устойчивости, устойчивости словосочетаний, количественной оценки, диахронии, Количественная оценка, статье, описываются",
Chizhik_IMS_2023_Abstract_rus.txt,"настроения общества, способна выявлять, вектор социального, социального настроения, актуальных задач, Анализ тональности, текстов является, Анализ, задач, факторы",
Artemova_IMS_2015_Abstract_eng.txt,,"poorly formalized, formalized domains, information extractiing, building, University, Specifics, Petersburg Institute, formalized, information, ontology building"
Novolodskaya_IMS_2013_Abstract_eng.txt,,"Media Communication, Media, Internet, Communication, communication process, space, virtual space, virtual, main form, Novolodskaia"
Peskova_IMS_2013_Abstract_rus.txt,"кривой Hype, моделей развертывания, набор требований, облачным службам, результаты технологических, технологических прогнозов, статье приведены, моделей сервиса, приведены набор, Hype",
Brodovskaya_Karzubov_IMS_2014_Abstract_rus.txt,"политические партии, политические лидеры, помимо традиционных, сетевые имиджи, Практики электронной, электронного голосования, предоставляющие государственные, государственные услуги, активно позиционирующие, лидеры выстраивающие",
Vozmishcheva_IMS_2014_Abstract_eng.txt,,"Training Technologies, Bilingual Training, Higher Mathematics, Technologies, Bilingual, Development, Training, model, technical universities, bilingual model"
Mbogo_IMS_2013_Abstract_eng.txt,,"Scientific Direction, Interdisciplinary Scientific, information system, Complex Information, Information, Interdisciplinary, Scientific, Complex, Direction, system"
Borisov_Shustrova_IMS_2014_Abstract_eng.txt,,"Contemporary Theater, Olga Shustrova, Theater, Nikolai Borisov, theater projects, Contemporary, Internet, general theater, internet space, Borisov"
Peskova_IMS_2014_Abstract_rus.txt,"первую очередь, электронного голосования, возможные риски, электронного, голосования, статье рассмотрены, рассмотрены возможные, голосования Эстонии, очередь, дистанционного",
Soms_IMS_2014_Abstract_eng.txt,,"Processing Tools, Information Resources, Natural Language, Language Processing, User Preferences, Tools, Information, Language, Natural, Processing"
Solovjova_IMS_2013_Abstract_eng.txt,,"educational material, Internet, questions, educational, material, Mediadidactics, learning, multimedia educational, development, requirements"
Akatkin_IMS_2014_Abstract_rus.txt,"Развитие ИТ-импортозамещающих, ИТ-импортозамещающих производств, производств является, является одним, стандартов моделей, моделей данных, информацией, обмена информацией, стратегических информационных, информационных системах",
Azarova_IMS_2016_Abstract_rus.txt,"тыс, свободной лицензией, русского языка, отсутствует большой, большой открытый, русского, языка, открытый тезаурус, лицензией, тезаурус русского",
Bershadskaya_IMS_2013_Abstract_eng.txt,,"Demand, Analysis, Social, article presents, E-Government, discussion, E-Government Services, social networks, monitoring service, article"
Moiseichev_IMS_2013_Abstract_rus.txt,"свободных лицензий, Открытых образовательных, образовательных ресурсах, рассматриваются вопросы, российских условиях, применения свободных, работе рассматриваются, целью изучения, изучения лучшего, лучшего зарубежного",
Pijavskij_IMS_2013_Abstract_rus.txt,"Рассматривается новый, информационном пространстве, новый подход, использования фактографической, вопросу систематизации, систематизации, фактографической информации, Рассматривается, пространстве, информации",
Koltsova_IMS_2013_Abstract_eng.txt,,"Topical Portrait, Sergei Koltcov, Livejournal, Olessia Koltsova, Statisical, Topical, Portrait, properties, Russian, Russian blogosphere"
Mikoni_IMS_2018_Abstract_eng.txt,,"concepts, connection, role, Petersburg Institute, Russian Academy, generic connection, Stanislav Mikoni, degree, analysis, roles"
Khokhlova_IMS_2017_Abstract_eng.txt,,"Collocational Preferences, Comparative Analysis, Analysis, Russian Nouns, Association Measures, Measures based, Collocational, Comparative, Preferences, State University"
Kirillova_IMS_2018_Abstract_rus.txt,"статье описан, описан эксперимент, Dialogue Evaluation, тестированию гибридного, гибридного морфоанализатора, морфоанализатора, статье, описан, эксперимент, тестированию",
Pivovarova_IMS_2016_Abstract_rus.txt,"Целью исследования, терминологического словаря, исследования является, является разработка, выделения кандидатов, параллельного корпуса, разработка методики, методики выделения, Целью, многоязычного",
Trakhtenberg_IMS_2014_Abstract_rus.txt,"статье рассматриваются, рассматриваются причины, причины организационного, организационного сопротивления, медицинских, сопротивления сотрудников, медицинских информационных, медицинских учреждений, информационных систем, статье",
Boyarsky_IMS_2017_Abstract_eng.txt,,"Ambiguous Collocations, Collocations Equivalent, Collocations, ITMO University, Petersburg Institute, Mathematics RAS, Word, words, Ambiguous, Equivalent"
Brodovskaya_Karzubov_IMS_2014_Abstract_eng.txt,,"Cross-National Studies, Internet, Studies, Internet Communication, political, Russian Experience, Internet services, Specificity, Cross-National, Internet users"
Vidyasova_IMS_2014_Abstract_rus.txt,"государственных данных, открытых государственных, Российской Федерации, Рассматривается современная, проанализированы лучшие, использовании гражданами, проведено исследование, социальных сетях, оценены перспективы, современная российская",
Lipuntsov_IMS_2013_Abstract_eng.txt,,"Education Domain, Information Excange, Education, Excange, Domain, data, Information, model, data model, Lipuntsov"
Markarova_IMS_2013_Abstract_rus.txt,"Научно-информационное обеспечение, инновационных процессов, науки четко, четко коррелирует, основными принципами, принципами инновационных, развития современного, современного общества, обеспечение педагогической, педагогической науки",
Erkimbaev_IMS_2015_Abstract_eng.txt,,"subject area, Nanomaterials ant, High Temperatures, Computing Centre, Uniform Description, Description System, RAS,Dorodnicyn Computing, Ontology, Nanomaterials, area"
Mbogo_IMS_2014_Abstract_rus.txt,"научных исследований, Настоящая статья, пространство научных, статья рассматривает, рассматривает решение, решение проблем, проблем аккумуляции, информационное пространство, научных электронных, электронных коллекций",
Grebennikov_IMS_2020_Abstract_eng.txt,,"Early XX-century, Stories Corpora, Russian Short, Short Stories, Russian, XX-century Russian, Stories, Corpora, Early, frequency"
Bogoraz_IMS_2013_Abstract_eng.txt,,"Comparative analysis, firewalls, Comparative, methodologies, main Russian, analysis, assessment, Peskova, main, techniques"
Trakhtenberg_IMS_2013_Abstract_rus.txt,"статье рассматриваются, рассматриваются результаты, результаты тестирования, методом cognitive, cognitive walkthrough, применением модели, модели адаптации, адаптации инноваций, тестирования Портала, Портала государственных",
Shukshina_IMS_2018_Abstract_eng.txt,,"color, Russian Language, relative, relative colors, hues, relative hues, color terms, colors, Russian, frequency"
Boyarsky_IMS_2019_Abstract_eng.txt,,"Semantic Disambiguation, Russian Texts, ITMO University, Problems RAS, Regional Economics, Economics Problems, Toponyms, Issue, Semantic, Disambiguation"
Vtiurina_IMS_2014_Abstract_eng.txt,,"National e-Services, e-Services Portal, Russia, National, Portal, development, Russian Federation, e-Services, development EGPU, e-government"
Kuznetsova_IMS_2020_Abstract_eng.txt,,"biotechnology terms, ESP, biotechnology, ITMO University, teaching biotechnology, Polytechnic University, undergraduates majoring, corpora, Petersburg Polytechnic, teaching ESP"
MitrofanovaGolubev_IMS_2024_Abstract_rus.txt,"корпусной лингвистике, статье представлены, обучению семейства, семейства тематических, кафедре математической, математической лингвистики, лингвистики СПбГУ, корпуса текстов, тематических моделей, представлены результаты",
Kalinichenko_IMS_2014_Abstract_eng.txt,,"Petersburg, Information technology, forecasting, development, state development, Information, state, regional development, technology, social"
Golitsina_IMS_2021_Abstract_rus.txt,"Представлены результаты, результаты эксперимента, слабоструктурированных текстах, рамках задачи, задачи семантического, семантического индексирования, Определение понятия, отношений, текстов документов, выявлению определений",
Sokolova_IMS_2020_Abstract_eng.txt,,"relations, discourse, Research University, relations set, rhetoric relations, Higher School, set, relation, discourse units, discourse relations"
Kanygin_IMS_2015_Abstract_eng.txt,,"Social Management, Document Flow, Context-Oriented Ontology, Management, Foundation, Social, Ontology, Context-Oriented, Document, Flow"
Kazakov_IMS_2014_Abstract_eng.txt,,"Social Network, Network Services, Platform Organization, Social, Services, Network, networks, Terminology, problems, Phenomena"
Adaskina_IMS_2015_Abstract_eng.txt,,"State University, Semi-Automatic Classification, Petersburg State, Classification, Unbalanced, Corpus, Unbalanced Corpus, Semi-Automatic, unbalanced text, Adaskina"
Zalesskaya_IMS_2014_Abstract_eng.txt,,"Extracting Two-word, Extracting, Russian Texts, Significant Meaningful, extraction, Statistically Significant, Russian, Program, Significant, Meaningful"
Boykov_IMS_2013_Abstract_rus.txt,"Описывается логико-семантическая, являющегося определенной, русской поэзии, определенной предзаданной, предзаданной онтологией, системообразующим ядром, ядром проектируемой, проектируемой информационно-аналитической, информационно-аналитической системы, системы русской",
Popov_IMS_2017_Abstract_eng.txt,,"ANOMALOUS EVENT, EVENT DETECTION, BLACK SWANS, BLACK, SWANS, ANOMALOUS, DETECTION, EVENT, important aspects, text corpora"
Baranov_IMS_2014_Abstract_rus.txt,"Российской Федерации, сформулированы существенные, данного процесса, статье представлен, представлен анализ, анализ опыта, опыта формирования, существенные барьеры, перспективные направления, направления развития",
Martynenko_IMS_2018_Abstract_rus.txt,"русского рассказа, контексте социальных, социальных потрясений, потрясений первой, первой трети, рассматриваются революционные, революционные изменения, русском языке, художественной литературе, материале русского",
Belkin_IMS_2015_Abstract_eng.txt,,"knowledge, subject domain, knowledge space, Semantic, knowledge domains, domains knowledge, domain, subject, Historical demography, domains"
Yatsenko_IMS_2014_Abstract_rus.txt,"Веб информационная, Описывается опубликованная, Электронная структура, информационная система, структура атомов, Электронная, Веб, атомной спектроскопии, атомов, Описывается",
Popova_IMS_2017_Abstract_rus.txt,"повседневной речи, статье рассматривается, рассматривается специфика, русской повседневной, русского языка, корпуса русского, специфика употребления, употребления редуплицированной, редуплицированной единицы, единицы такой-сякой",
Prokudin_IMS_2013_Abstract_rus.txt,"электронного государства, Развитие информационного, реализация концепции, рода проблемы, концепции электронного, электронного правительства, информационного общества, правительства сопровождают, сопровождают различного, различного рода",
Rogov_IMS_2020_Abstract_eng.txt,,"Dostoevsky, texts, decision trees, State University, text, strong positions, text fragments, Literary Texts, decision, Fragments"
Goryunova_IMS_2017_Abstract_eng.txt,,"subject areas, representing ontologies, specialized subject, UML language, UML, main principles, areas, formal instances, domain ontology, modeling"
Masevich_IMS_2019_Abstract_rus.txt,"Настоящая работа, русском языке, работа предлагает, предлагает подход, системному описанию, описанию цветобозначений, прилагательных, поля, Sketch Engine, цвета",
Pevzner_IMS_2015_Abstract_eng.txt,,"Additional functions, web sites, Additional, functions, web, Pevzner, sites, main functions, traffic, Internet advertising"
Prokudin_IMS_2014_Abstract_eng.txt,,"Scientific, Scientific Research, Implementation, Information System, Research, support scientific, Support, Information, scientific activity, Integrated Information"
Boikov_IMS_2018_Abstract_rus.txt,"работе выстраивается, выстраивается формальная, богатству созвучия, основе формально-языковой, формально-языковой модели, рифмующихся слов, модели рифмующихся, формальная классификация, классификация типов, типов рифмы",
Boyarsky_IMS_2013_Abstract_eng.txt,,"Pre-syntactical module, module, parser, Pre-syntactical, SemSin, work pre-syntactical, ambiguity, Boyarsky, Kanevsky, analyzer SemSin"
Balakshina_IMS_2014_Abstract_eng.txt,,"Perspectives, Development, Financial Accounting, System, electronic documents, Accounting System, Russian Federation, Commercial Banks, Electronic, Financial"
Erkimbaev_IMS_2015_Abstract_rus.txt,"Uniform Description, Description System, System for, информационную модель, for nanomaterials, группой экспертов, создания новой, предложено использовать, использовать информационную, разработанную международной",
Perminov_IMS_2019_Abstract_eng.txt,,"Integrating Tools, Usability Risks, Services, Assessment, Technical University, User Interfaces, State Technical, Web User, HTML, User"
Noskov_IMS_2014_Abstract_eng.txt,,"Web Studio, Multimedia Lectures, Apply, Studio, Create, Kazakov, Lectures, video lectures, system, Educational Multimedia"
Adaskina_IMS_2014_Abstract_eng.txt,,"Lexicon Augmenting, staff terms, Augmenting, staff, Syntactic Relations, terms, Lexicon, terms lexicon, expert, Syntactic"
Kriukova_IMS_2017_Abstract_eng.txt,,"similarity, State University, Petersburg State, Similarity tool, texts, Computing semantic, semantic similarity, Computing, semantic, text similarity"
Pronoza_IMS_2015_Abstract_rus.txt,"сфере e-туризма, представлен аспектно-ориентированный, анализа тональности, данной работе, аспектно-ориентированный метод, метод анализа, рекомендательных системах, работе представлен, тональности отзывов, e-туризма",
Azarova_IMS_2018_Abstract_rus.txt,"смысловых рубрик, передачи транзитивных, транзитивных локативных, докладе рассматривается, рассматривается структура, структура синонимичных, квазисинонимичных семантических, семантических отношений, производных предлогов, предлогов русского",
Lokalina_IMS_2023_Abstract_rus.txt,"слова, таких конструкций, работе рассматриваются, функционирования устойчивой, способствует появлению, устойчивой модели, языке таких, рассматриваются особенности, особенности функционирования, слова вообще",
Masevich_IMS_2016_Abstract_eng.txt,,"Humanitarian Studies, Linguistics Methods, Petersburg State, Linguistic Studies, Corpus Linguistics, Methods, Humanitarian, Studies, State Institute, State University"
Belov_IMS_2018_Abstract_eng.txt,,"Internal Documents, Documents, Russian Internal, Russian, Goals, Composition, Structure, Internal, Russian Academy, Corpus"
Salin_IMS_2015_Abstract_eng.txt,,"Semantic Segmentation, Hypertext, Discrete, Segmentation, Semantic, Based, Hypertext Based, Yuri Gagarin, Gagarin State, State Technical"
Serebriakov_IMS_2014_Abstract_eng.txt,,"Linked Open, Open Data, Linked, Sharing Thermophysical, Open, data, LOD, Sharing, Thermophysical, Thermophysical Properties"
Golitsina_IMS_2021_Abstract_eng.txt,,"Search Image, Semantic Search, Identifying Definitions, linguistic constructions, relationship taxonomy, linguistic, Search, Image, relationship, Definitions"
Popov_IMS_2016_Abstract_eng.txt,,"Structural Disambiguation, Hurma Project, Disambiguation, Hurma Parser, Time, Approaches, Structural, Hurma, syntactic, Project"
Boyarsky_IMS_2021_Abstract_rus.txt,"способных выполнять, функции предлогов, русскоязычных текстов, работе рассматриваются, рассматриваются особенности, особенности обработки, обработки неоднословных, выполнять функции, автоматическом анализе, анализе русскоязычных",
ChizhikMelnikova_IMS_2022_Abstract_rus.txt,"Данная статья, медицинской сферы, статья посвящена, посвящена описанию, описанию проблем, сборе обучающего, обучающего набора, создания диалогового, диалогового агента, набора данных",
Belkin_IMS_2015_Abstract_rus.txt,"Излагаются результаты, результаты развития, применения технологии, слабо формализуемых, формализуемых областей, Историческая демография, моделей слабо, областей знаний, технологии построения, области знаний",
Boyarsky_IMS_2017_Abstract_rus.txt,"эквивалентных слову, Работа посвящена, посвящена анализу, контекста, словосочетаний, сочетание предлога, снятия омонимии, анализу словосочетаний, простое сочетание, Работа",
Grigoryeva_IMS_2014_Abstract_eng.txt,,"Education, employability, ICT, Aging, Bikkulov, older ICT, study, Grigoryeva, labor market, sociological theoretical"
Antopolskii_IMS_2021_Abstract_rus.txt,"Обсуждается проблема, проблема создания, лингвистических информационных, создания инфраструктуры, информационных ресурсов, Общеевропейской исследовательской, ЛИР, поддержки лингвистических, CLARIN, инфраструктуры",
Adaskina_IMS_2014_Abstract_rus.txt,"Статья описывает, описывает разработанный, метод полуавтоматического, полуавтоматического пополнения, пополнения семантических, семантических классов, основе синтаксических, синтаксических связей, Статья, корпусе",
Kogan_IMS_2018_Abstract_rus.txt,"Статья посвящена, посвящена статистическому, статистическому анализу, целью выявления, выявления устойчивых, анализу специальных, Петра Великого, устойчивых сочетаний, специальных, немецких текстов",
Bogoraz_IMS_2014_Abstract_rus.txt,"Целью данной, данной работы, работы является, является анализ, анализ угроз, социальных сетях, социальных, архитектура социальных, социальных сетей, Целью",
Mikoni_IMS_2021_Abstract_rus.txt,"Рассматривается проблема, основе соотношения, соотношения словарных, словарных запасов, текста, проблема понятности, понятности научного, научного текста, Рассматривается, запасов автора",
Bolgov_IMS_2013_Abstract_rus.txt,"Восточной Европе, электронной демократии, статье представлены, представлены результаты, результаты проведенного, проведенного авторами, авторами сравнительного, сравнительного анализа, анализа пяти, пяти опросов",
Bakhvalov_IMS_2020_Abstract_eng.txt,,"ITMO University, automatic grammatical, error correction, grammatical error, rule generation, rules, generation methods, approach, automatic, learning"
Dyakova_IMS_2013_Abstract_rus.txt,"управленческой традиции, статье анализируется, анализируется специфика, специфика перехода, электронному правительству, точки зрения, зрения взаимодействия, взаимодействия глобальных, национальной управленческой, глобальных управленческих",
Moskvina_IMS_2016_Abstract_eng.txt,,"NLTK libraries, Russian based, Russian, Core, State University, Syntactic Parser, NLTK, Petersburg State, Parser, Syntactic"
Bogoraz_IMS_2013_Abstract_rus.txt,"межсетевых экранов, статье рассмотрены, зарубежные методики, методики оценки, оценки защищенности, защищенности информационных, информационных систем, анализу межсетевых, рассмотрены основные, основные российские",
Zalesskaya_IMS_2014_Abstract_rus.txt,"выявления коллокаций, статье рассмотрены, рассмотрены меры, меры ассоциации, проблемы выявления, коллокаций, выявления, программа выявления, осмысленных коллокаций, Представлена программа",
Khodorkovsky_IMS_2023_Abstract_rus.txt,"соотношение понятий, являющихся элементами, элементами процесса, информационная коммуникация, сведения, Рассматривается соотношение, сущности, свойствах сущности, информационная, информация",
Chekmeneva_IMS_2019_Abstract_eng.txt,,"Musicological Discourse, State University, Petersburg State, Discourse, Metaphor, Musicological, Chekmeneva, Saint Petersburg, author, Sketch Engine"
Chekmeneva_IMS_2018_Abstract_eng.txt,,"colors, Distinctive metaphorical, phrases denoting, corpus analysis, denoting colors, Basic color, State University, metaphorical phrases, Petersburg State, Basic"
Khokhlova_IMS_2016_Abstract_eng.txt,,"Large Russian, Russian Corpora, Russian, State University, Corpora, Petersburg State, Large, Khokhlova, survey, University"
Evtushenko_IMS_2013_Abstract_rus.txt,"Россия практически, практически полностью, полностью утеряла, утеряла культуру, культуру централизованного, централизованного стратегического, эффективные модели, стратегического управления, государственного управления, модели создания",
Mikoni_IMS_2019_Abstract_rus.txt,"Обсуждается проблема, предметной области, проблема понимания, понимания терминов, терминов предметной, управления, Обсуждается, области, проблема, понимания",
Sukhan_IMS_2024_Abstract_rus.txt,"корпусной лингвистике, лингвистики СПбГУ, статье представлены, представлены результаты, результаты проекта, корпуса статей, кафедре математической, математической лингвистики, Корпусная лингвистика, Компьютерная лингвистика",
Smirnov_IMS_2014_Abstract_rus.txt,"статье рассматривается, рассматривается проблематика, проблематика построения, построения систем, систем массового, массового оптического, оптического распознавания, распознавания, ошибок распознавания, статье",
Kuzmina_IMS_2014_Abstract_rus.txt,"сформулированы проблемы, электронных сред, статье сформулированы, учебном процессе, процессе электронных, проблемы, связанные, сред, Анализируются данные, дистанционного обучения",
Brodovskaya_IMS_2013_Anstract_rus.txt,"World Internet, Internet Project, реализованного Московским, Московским государственным, результаты исследования, отражены некоторые, некоторые результаты, государственным гуманитарным, гуманитарным университетом, университетом имени",
Antopolskii_IMS_2021_Abstract_eng.txt,,"INION RAS, LIR, Resources, Russia, Common European, European Experience, European Research, CLARIN, support, European"
Dyakova_IMS_2014_Abstract_eng.txt,,"Information Technology, Administrative Tradition, Corruption, Technology, Chinese Administrative, Chinese, Fight, Tradition, Information, Chinese Communist"
Blinova_IMS_2017_Abstract_eng.txt,,"сo-occurrence patterns, web corpus-based, Pejorative plural, State University, Petersburg State, corpus-based study, semantics, patterns, web, Pejorative"
Brodovskaya_IMS_2013_Anstract_eng.txt,,"World Internet, Internet, Internet Project, political subjectivity, Internet users, World, Russian users, political, Moscow State, State University"
Bogoraz_IMS_2014_Abstract_eng.txt,,"Distributed Social, social networks, Social, Networks, Distributed, network, safety, problems, information, problems connected"
Alexeeva_IMS_2015_Abstract_eng.txt,,"lexical resource, social media, sentiment, Research Institute, Institute Higher, Higher School, Russian, Russian sentiment, sentiment analysis, media"
Noskov_IMS_2014_Abstract_rus.txt,"процессе вуза, статье рассмотрен, рассмотрен ряд, ряд аспектов, аспектов использования, учебном процессе, использования видеолекций, системы, вуза, видеолекций",
Koltsova_IMS_2013_Abstract_rus.txt,"выработка системы, характеризующих русскоязычную, практического знания, системы основных, основных статистических, изучение основных, основных взаимосвязей, русскоязычную блогосферу, точки зрения, отраслей научного",
Peskova_IMS_2014_Abstract_eng.txt,,"Electronic, Electronic Vote, electronic voting, Vote, systems, Risks, Problems, voting, existing, Methods"
Sampetova_IMS_2018_Abstract_eng.txt,,"AUTOMATIC CORRECTION, IMPLEMENTATION, ALGORITHM, State University, Petersburg State, TYPOS, AUTOMATIC, CORRECTION, Saint Petersburg, Lukanina"
Smorgunov_IMS_2014_Abstract_rus.txt,"наименование Web, получивших наименование, статье рассматриваются, рассматриваются вопросы, вопросы трансформации, трансформации современной, современной публичной, публичной политики, влиянием новых, новых информационных",
Platonov_IMS_2013_Abstract_rus.txt,"структур научных, статье рассматриваются, рассматриваются вопросы, вопросы разработки, разработки подходов, анализа структур, Интернет, научных сайтов, структур, научных ресурсов",
Prokudin_IMS_2013_Abstract_eng.txt,,"information society, information, information culture, electronic government, society, Russia, educational Internet, Internet portal, Development, concept"
Masloboev_IMS_2013_Abstract_eng.txt,,"regional security, region virtual, regional, virtual, region, virtual environment, security, environment, management, support"
Juk_IMS_2013_Abstract_rus.txt,"антипиратским законом, Работа представляет, сетях вопросов, представляет результаты, характера обсуждений, результаты исследования, исследования характера, социальных сетях, августа, Работа",
Chizhik_IMS_2021_Abstract_rus.txt,"тематического моделирования, статье рассматриваются, техники тематического, LDA, LSA, моделирования, новостных анонсов, статье, рассматриваются, техники",
Kapterev_IMS_2014_Abstract_eng.txt,,"Professional Orientation, Orientation, Secondary, Internet-Technologies, Professional, secondary scholars, PROFSILA, Schollars, Kapterev, scholars"
ChizhikEgorov_IMS_2023_Abstract_rus.txt,"дистанционного взаимодействия, является важным, превентивной медицины, предупреждении заболеваний, обработки естественного, естественного языка, важным инструментом, поддержке модели, модели превентивной, позволяет улучшить",
Serebriakov_IMS_2014_Abstract_rus.txt,"Разработана детальная, детальная онтология, Разработана, пространстве, LOD, детальная, онтология, представления, LOD наборов, данных",
Grigorieva_IMS_2013_Abstract_eng.txt,,"ICT World, World, ICT, Aged, Social, Consumption, Bikkulov, Employment, Form, ICT education"
Brodovskaya_IMS_2014_Abstract_rus.txt,"Школа великих, Статья представляет, анализа сообщений, образования взрослых, великих книг, представляет результаты, результаты киберметрического, киберметрического анализа, оценкой работы, работы такого",
Boikov_IMS_2019_Abstract_rus.txt,"Рассматривается формально-языковая, определенных параметрами, сегментов строки, формально-языковая модель, модель слогового, слогового представления, поэтического произведения, параметрами некоторых, некоторых сегментов, русского стиха",
Adrova_IMS_2013_Abstract_eng.txt,,"Web-applications, hashing algorithms, algorithms, hashing, authentication, Research, Polezhaev, SCRYPT algorithm, SCRYPT, GOST"
Karyaeva_IMS_2018_Abstract_rus.txt,"Данная работа, построения тезауруса, работа посвящена, посвящена разработке, разработке методов, автоматического построения, предметной области, предметной, области, семантических отношений",
Pivovarova_IMS_2016_Abstract_eng.txt,,"Term Candidates, Extracting Term, Term, State University, Candidates, Petersburg State, Multilingual Glossary, Terms, Glossary, Extracting"
Rogov_IMS_2020_Abstract_rus.txt,"работе рассматривается, рассматривается совокупность, совокупность статей, Достоевский, работе, рассматривается, совокупность, статей, текстов, Эпоха",
Grebennikov_IMS_2020_Abstract_rus.txt,"Корпуса русских, Исследование строится, базе представительного, Корпуса, Корпус текстов, Корпус авторов, Корпус, рассказов, слов, Исследование",
Novolodskaya_IMS_2013_Abstract_rus.txt,"Сети является, Основной формой, формой коммуникативного, коммуникативного процесса, Сети, является гипертекст, Обитатель Интернета, Интернета становится, Основной, гипертекст",
Antipenko_IMS_2019_Abstract_eng.txt,,"Word Associations, Distributional Semantics, Semantics Models, social network, Study, Word, State University, Distributional, Petersburg State, Social"
Martynenko_IMS_2019_Abstract_rus.txt,"Статья посвящена, шириной куста, посвящена исследованию, исследованию линиаризованных, линиаризованных соподчинительных, теории зависимостей, зависимостей называются, называются шириной, соподчинительных структур, Статья",
Gavrilkina_IMS_2023_Abstract_rus.txt,"информационного поиска, статье рассматриваются, рассматриваются подходы, контексте задачи, задачи семантического, семантического информационного, идентификации семантических, семантических ролей, ролей сущностей, ролей",
Mikoni_IMS_2021_Abstract_eng.txt,,"Russian-language Works, Scientific Russian-language, Words, Works, Comprehensibility, Russian-language, Petersburg Institute, Russian Academy, word, image"
Ruzanova_IMS_2013_Abstract_rus.txt,"Республики Карелия, процессе Петрозаводского, Петрозаводского государственного, государственного университета, Правительством Республики, статье рассматриваются, рассматриваются вопросы, вопросы создания, электронного правительства, Республики",
Popov_IMS_2016_Abstract_rus.txt,"проекта Хурма, Хурма является, Целью проекта, естественном языке, первую очередь, является создание, создание исследовательской, исследовательской платформы, Хурма, анализа текстов",
Baranov_IMS_2014_Abstract_eng.txt,,"Russian Federation, Regional Projects, E-Government, Russian, Creation, Federation, Prospects, Regional, Problems, Rostov region"
Chugunov_IMS_2014_Abstract_eng.txt,,"Content Analysis, Reports Content, Agenda, Development, E-Governance, Results, Analysis, Russian mass, Reports, Content"
Trakhtenberg_IMS_2013_Abstract_eng.txt,,"State Portal, Russian State, Technological, Portal, State, Russian, sociological survey, results, Adaptation, Problems"
Maksimov_IMS_2021_Abstract_eng.txt,,"Documentary Information, Information Retrieval, Knowledge Graphs, search, search mechanisms, Documentary, Information, Retrieval, Knowledge, Research Nuclear"
Masevich_IMS_2018_Abstract_eng.txt,,"diachronic studies, frequency behavior, Saint Petersburg, text corpura, frequency, Petersburg Institute, diachronic, behavior, Google Books, Books Ngram"
Shubinskiy_IMS_2013_Abstract_rus.txt,"сети Интернет, настоящей статье, статье рассмотрены, рассмотрены проблемы, Интернет, проблемы обеспечения, обеспечения информационной, информационной безопасности, безопасности учащихся, обеспечения",
Chizhik_IMS_2013_Abstract_rus.txt,"Статья посвящена, обзору возможностей, посвящена обзору, сети Интернет, Статья, возможностей, Интернет, посвящена, обзору, Автор приводит",
Bogomolova_IMS_2013_Abstract_eng.txt,,"UIS RUSSIA, UIS, public administration, Statistical Data, Public, Administration, Ontology, Administration Domain, Domain Ontology, Domain"
Talbonen_IMS_2013_Abstract_eng.txt,,"graphical information, collections based, information, Search, graphical, digital collections, based, digital, textual, Talbonen"
Grokhovskiy_IMS_2014_Abstract_eng.txt,,"corpus, Tibetan, grammar treatises, Lexical database, database, Tibetan traditional, Indian, Tibetan grammar, treatises, Buddhist grammars"
Ivanova_IMS_2019_Abstract_rus.txt,"Компьютерные игры, цифровых медиа, игры являются, являются одним, самых популярных, популярных видов, видов цифровых, компьютерных играх, компьютерных, медиа",
Moiseichev_IMS_2013_Abstract_eng.txt,,"Free licenses, Educational Resources, Open Educational, licenses, Free, Russia, OER, Open, Commons licenses, Educational"
Khokhlova_IMS_2016_Abstract_rus.txt,"создаваемых автоматическими, автоматическими методами, традиционных текстовых, текстовых коллекций, корпусов текстов, Генерального корпуса, проекта Aranea, русского языка, корпусов, текстов",
MitrofanovaAdamova_IMS_2024_Abstract_rus.txt,"Статья посвящена, корпусной лингвистике, лингвистики СПбГУ, посвящена проблемам, проблемам разработки, разработки корпуса, кафедре математической, математической лингвистики, корпуса статей, Статья",
Masevich_IMS_2018_Abstract_rus.txt,"Настоящая публикация, ряд публикаций, посвященных диахроническим, текстах книг, продолжает ряд, диахроническим исследованиям, исследованиям частотного, частотного поведения, поведения политической, публикация продолжает",
Kolodin_IMS_2014_Abstract_eng.txt,,"Organizations' Staff, School Students, high school, Senior, Students, High, Testings, Staff, School, Surveys"
Godgildieva_IMS_2016_Abstract_eng.txt,,"NLTK Czech, Czech computer, Russian, valency dictionary, Russian verbs, Verbalex, NLTK, Czech, State University, Russian language"
Maksimov_IMS_2022_Abstract_rus.txt,"Определяется понятие, определение понятия, смысл, семантическая информация, Определяется, понятие, понятия, семантическая, информация, определение",
Popova_IMS_2017_Abstract_eng.txt,,"State University, Popova Saint, Saint Petersburg, Petersburg State, Russian, corpus study, frequency units, Russian National, Russian Sound, corpus"
Zhang_IMS_2019_Abstract_eng.txt,,"Russian language, language picture, Russian, world, picture, Semantic fields, linguistic picture, Petersburg University, Computerized visualization, language"
Tarumova_IMS_2014_Abstract_eng.txt,,"Russian Press, Virtual Museum, Museum, Russian, Press, Collective Cultural, Representation Collective, information technologies, Virtual, information"
Bikkulov_IMS_2013_Abstract_rus.txt,"российской блогосфере, рассмотрена проблематика, статье рассмотрена, проблематика подростковых, подростковых самоубийств, обсуждаемости данной, данной темы, России, мире, обсуждаемость",
Mbogo_IMS_2014_Abstract_eng.txt,,"Digital Collections, Information Space, Complex Integration, Scientific Information, Scientific, Digital, Information, Integration, electronic collections, Modern Society"
Lizunova_IMS_2014_Abstract_rus.txt,"информационное общество, информационное пространство, информационно-медийных идей, проводится категориальный, анализ понятий, статье прослеживается, прослеживается эволюция, эволюция информационно-медийных, категориальный анализ, информационное",
Lyapin_IMS_2013_Abstract_eng.txt,,"Digital full-text, full-text library, research working, support, support analytical, research activities, full-text, multifunctional digital, Russian philosophy, Digital"
Godgildieva_IMS_2016_Abstract_rus.txt,"Целью работы, работы является, Verbalex, проекта Verbalex, русского языка, русского, является создание, создание словаря, словаря валентностей, помощью методов",
Bikova_IMS_2023_Abstract_rus.txt,"социальной сети, данной работе, работе исследуются, исследуются возможности, возможности применения, оценке эмоциональной, эмоциональной окраски, окраски текста, текста постов, содержащих эмо",
Kolodin_IMS_2014_Abstract_rus.txt,"основные принципы, существующих аналогов, докладе рассмотрена, рассмотрена разработанная, разработанная автором, автором система, проведения сетевого, сетевого анкетирования, тестирования клиентов, Отмечены новые",
Khokhlova_IMS_2018_Abstract_eng.txt,,"Online Lexicographic, Lexicographic Resources, State University, Petersburg State, Representation, Online, Lexicographic, represent collocability, Collocability, Resources"
Lavrentyev_IMS_2014_Abstract_eng.txt,,"Innovative Education, State University, Education, Novosibirsk State, University, NSU, State, Development, Innovative, Novosibirsk"
Masloboev_IMS_2013_Abstract_rus.txt,"региональным развитием, виртуального пространства, пространства региона, работе рассматриваются, рассматриваются вопросы, вопросы создания, рискоустойчивым региональным, региональной безопасностью, использования виртуального, Безопасный Виртуальный",
Borisov_Zakharkina_IMS_2014_Abstract_eng.txt,,"Media Space, Alexandrinsky Theatre, Space, Portal, Media, Theatre, Creative Media, Alexandrinsky, Creative, Zakharkina"
Aksarin_IMS_2013_Abstract_eng.txt,,"Internet Theater, Internet, Theater, modern theater, Aksarin, Shcherbakov, Aleksandrinskij theatre, Petersburg, Aleksandrinskij, present article"
Koshcheeva_IMS_2014_Abstract_eng.txt,,"Comparing Methods, Collocation Extraction, Verb-Noun Collocation, Extraction, Methods, Collocation, automatic verb-noun, Verb-Noun, Automatic, Svetlana Koshcheeva"
Gorelik_IMS_2013_Abstract_rus.txt,"основной акцент, настоящей статье, статье рассматривается, предоставлении современных, современных инфокоммуникационных, акцент делается, связать профиль, профиль пользователя, личность пользователя, инфокоммуникационных услуг",
Arzumanyan_IMS_2013_Abstract_rus.txt,"Рост количества, роли мета-описаний, количества информации, скорости информационных, информационных взаимодействий, взаимодействий ведут, возрастанию роли, Рост, мета-описаний, гуманитарной области",
Shustrova_IMS_2013_Abstract_rus.txt,"новых технологий, театр обрел, невиданные возможности, появлением новых, обрел невиданные, технологий, театр, возможности, появлением, новых",
Khokhlova_IMS_2019_Abstract_eng.txt,,"Automatic Extraction, Case, Similarity, Automatic, Association Measures, Verbal Collocations, State University, Petersburg State, Measures, Collocations"
Arzumanyan_IMS_2013_Abstract_eng.txt,,"Visualization, humanities, information, information amount, perception, Arzumanyan, interaction leads, increasing role, applying concept, concept modeling"
Pronoza_IMS_2015_Abstract_eng.txt,,"Recommender Systems, Sentiment Analysis, Systems, State University, Sentiment, Restaurant, Recommender, Analysis, Restaurant Sentiment, e-tourism recommender"
Kislov_IMS_2017_Abstract_eng.txt,,"Chinese Language, Chinese, Language, Internet, Chinese characters, Impact, writing, writing system, Internet technologies, Chinese youngsters"
Komarova_IMS_2019_Abstract_eng.txt,,"Linguistics Methods, English Phraseology, Corpus Linguistics, Exploring English, English, Methods, Phraseology, Corpus, Polytechnic University, Great Saint"
Bikkulov_IMS_2013_Abstract_eng.txt,,"Suicide Mirrored, Teen Suicide, Mirrored, Russian blogosphere, teenage suicides, Blogosphere, Teen, suicides, discussions, article"
Leontyeva_IMS_2015_Abstract_eng.txt,,"Understanding System, Computing Centre, Moscow State, State University, Nina Leontyeva, Research Computing, Text, System, Ontology, Text Understanding"
Zaides_IMS_2017_Abstract_rus.txt,"статье предлагается, предлагается функциональная, спонтанной речи, речи, метакоммуникативных вставок, русской устной, устной спонтанной, функциональная типология, Сбалансированная Аннотированная, Аннотированная Текстотека",
Tatur_IMS_2023_Abstract_rus.txt,"машинного обучения, статье рассматривается, рассматривается проблема, проблема выявления, выявления скрытых, скрытых закономерностей, реакции общества, бренды посредством, посредством оценки, оценки привлекательности",
Brodovskaya_IMS_2014_Abstract_eng.txt,,"club formation, public evaluation, Cybermetrics analysis, great books, informal selfeducation, Russia, School, analysis, Cybermetrics, informal"
Karyaeva_IMS_2018_Abstract_eng.txt,,"Semantic Relations, Semantic, thesaurus, Extraction, Relations, relation, area, developing, terms, domain"
Koltsov_IMS_2014_Abstract_rus.txt,"Живого Журнала, текстов Живого, Данная статья, Latent Dirichlet, Dirichlet Allocation, Журнала, статья отражает, моделированию тематики, тематики корпуса, корпуса текстов",
Ivanchenko_IMS_2013_Abstract_rus.txt,"Российской Федерации, образования Российской, выявлены основные, профессорскопреподавательской среде, определены актуальные, информационных сервисов, работе анализируются, анализируются результаты, результаты исследования, исследования тенденций",
Kuznetsova_IMS_2020_Abstract_rus.txt,"специальных целей, статье исследуются, исследуются возможности, обучения английскому, корпуса, АСЦ, лингвистических корпусов, возможности применения, корпусов COCA, курсе АСЦ",
Gorelik_IMS_2013_Abstract_eng.txt,,"Registration, Electronic Registration, Communication Services, registration procedure, Information, Services, service, Electronic, Communication, modern information"
Zakharov_IMS_2014_Abstract_eng.txt,,"Terminological Phrases, Extracting Terminological, Association Measures, Terminological, Phrases, Extracting, Measures, statistical measures, Sketch Engine, Association"
Salin_IMS_2015_Abstract_rus.txt,"Интернете является, Основой различных, гипертекстовым массивом, различных современных, современных подходов, эффективному поиску, извлечению информации, является построение, информационного слоя, Интернете",
Kanygin_IMS_2015_Abstract_rus.txt,"предлагается строить, строить документооборот, статье предлагается, документооборот сообществом, сообществом вовлеченных, контекстно-ориентированной онтологии, онтологии, акторов, сообществом акторов, помощью контекстно-ориентированной",
Solovyev_IMS_2022_Abstract_rus.txt,"докладе описывается, описывается технология, технология создания, создания словарей, негативности слов, Проблематика конкретности, рейтингами конкретности, абстрактности является, конкретности, абстрактности",
Borisov_Shustrova_IMS_2014_Abstract_rus.txt,"пространстве Интернет, включая важность, тексте дается, дается ретроспектива, ретроспектива развития, точки зрения, зрения новых, важность присутствия, новых технологий, Интернет",
Blinova_IMS_2017_Abstract_rus.txt,"Статья посвящена, посвящена формам, отрицательной окраской, окраской референтов, всякие пугачёвы, форм множественного, множественного пейоративного, референтов типа, применением CQL, сидоровых’",
Khokhlova_IMS_2020_Abstract_eng.txt,,"Phrases Extraction, Machine Learning, Applying Machine, Extraction, Petersburg University, Phrases, Machine, Learning, Noun Phrases, Verbal"
Sagmanova_IMS_2018_Abstract_eng.txt,,"RUSSIAN ORAL, INTERROGATIVE UTTERANCES, ORAL, DIOLOGICAL SPEECH, UTTERANCES, RUSSIAN, SPEECH, Russian speech, INTERROGATIVE, FEATURES"
Lyapin_IMS_2013_Abstract_rus.txt,"Рассматривается использование, полнотекстовой библиотеки, системы T-Libra, использование сервисов, сервисов многофункциональной, многофункциональной электронной, электронной полнотекстовой, основе информационной, информационной системы, ООО",
Antipenko_IMS_2019_Abstract_rus.txt,"Данная статья, дистрибутивной семантики, сети Facebook, статья отражает, автоматическому извлечению, извлечению ассоциативных, ассоциативных связей, русскоязычных текстов, текстов социальной, социальной сети",
Kudinov_IMS_2014_Abstract_eng.txt,,"Instrument, Mobile Technologies, E-Participation, Mechanisms, Mobile, Technologies, Beautiful Petersburg, Develop Mechanisms, article, electronic"
Lyapin_IMS_2014_Abstract_rus.txt,"Обосновывается использование, полнотекстового поиска, информационной среды, гуманитарных исследований, использование сервисов, сервисов продвинутого, продвинутого полнотекстового, режиме распределенной, распределенной информационной, поддержки гуманитарных",
Sidorova_IMS_2013_Abstract_eng.txt,,"Altai Territory, official government, government websites, Territory, Altai, websites, official, government, Sidorova, Monitoring"
Belova_IMS_2014_Abstract_eng.txt,,"Novgorod Region, Nizhny Novgorod, Novgorod, Region, Nizhny, Social Project, Project, Promoting Social, Electronic Citizen, Internet"
Danilina_IMS_2014_Abstract_eng.txt,,"Author Texts, Digital Form, Educational Literature, Author, Form, Literature, Russian Civil, Educational, Texts, Digital"
Shukshina_IMS_2018_Abstract_rus.txt,"русского языка, выделяемых Большим, корпусе Национального, Национального корпуса, Большим толковым, количество значений, значении цвета, корпуса русского, словарем русского, количественных характеристик",
Akatkin_IMS_2014_Abstract_eng.txt,,"Re-Inventing Interoperability, Data Sharing, E-Government Data, Sharing, Interoperability, data models, Data, Russia, Re-Inventing, E-Government"
Soms_IMS_2014_Abstract_rus.txt,"мониторинга СМИ, Современные системы, фильтрации данных, системы мониторинга, социальных медиаресурсов, большинстве случаев, позволяют конечному, конечному пользователю, пользователю осуществлять, осуществлять непосредственную",
Shustrova_IMS_2013_Abstract_eng.txt,,"Contemporary, Theater, Olga Shustrova, Technologies, Internet, electronic technologies, technologies serve, theater process, sense theater, theater electronic"
Vybornaya_IMS_2024_Abstract_rus.txt,"предложных конструкций, статье описываются, характеристики соотношения, исследуется синтаксическая, синтаксическая неоднозначность, синтаксически неоднозначных, неоднозначных предложений, неоднозначность предложных, русском языке, неоднозначных",
Popova_IMS_2019_Abstract_eng.txt,,"Social Roles, Speech, Speaker, Pragmatic Annotation, Metacommunication, Social, Corpus, role, State University, Petersburg State"
Martynenko_IMS_2019_Abstract_eng.txt,,"Syntactic Figures, Short Stories, State University, Research University, University Higher, National Research, Petersburg State, Higher School, Russian Short, Fiction"
Adrova_IMS_2013_Abstract_rus.txt,"Настоящая статья, статья посвящена, посвящена исследованию, Web-приложениях, алгоритмов хеширования, исследованию алгоритмов, алгоритм SCRYPT, Настоящая, хеширования, используемых",
Lavrentyev_IMS_2014_Abstract_rus.txt,"blended learning, Новосибирском государственном, базе Moodle, вопросы создания, государственном университете, опыт преподавания, статье рассматривается, рассматривается процесс, процесс внедрения, развития инновационных",
Adaskina_IMS_2015_Abstract_rus.txt,"Работа посвящена, настройке классификатора, ключевых словах, посвящена опыту, опыту применения, применения полуавтоматического, снижения трудозатрат, полуавтоматического метода, трудозатрат эксперта, Работа",
Zakharkina_IMS_2013_Abstract_eng.txt,,"Multimedia Resouces, Cultural Heritage, Resouces, Field, Heritage, Experience, Cultural, Multimedia, resources, Development"
Chizhik_IMS_2014_Abstract_rus.txt,"Статья посвящена, посвящена анализу, анализу существующих, существующих медиа, медиа форматов, форматов, Статья, традиционных СМИ, Интернете, получены данные",
Kuzmina_IMS_2014_Abstract_eng.txt,,"Open Interaction, Humanitarian Educational, Educational, Environment, Interaction, Humanitarian, educational environment, University, Sphere, Open"
Kanygin_IMS_2014_Abstract_rus.txt,"предлагаем строить, строить структуру, структуру знаний, основе элементарных, определены правила, визуальных блоков, элементарных визуальных, Наглядность визуальных, компиляции, блоков",
Boikov_IMS_2018_Abstract_eng.txt,,"State University, Formal Language, Rhyming Words, Language Model, Demidov State, Moscow State, Yaroswlvl Demidov, Lomonosov Moscow, Formal, Automated Search"
Chirkin_IMS_2013_Abstract_rus.txt,"сети Интернет, data extraction, data mining, Статья посвящена, извлечении данных, глубинного анализа, посвящена описанию, описанию частых, частых проблем, автоматизированном извлечении",
Trakhtenberg_IMS_2014_Abstract_eng.txt,,"Healthcare Information, Healthcare, medical information, medical, Information, Implementation, Ural Federal, Federal District, Adoption, Benefits"
Borisov_Zakharkina_IMS_2014_Abstract_rus.txt,"Портал Новой, Новой сцены, сцены Александринского, Александринского театра, театральным коллективам, использующим цифровые, творческой деятельности, театра предоставляет, предоставляет виртуальную, виртуальную лабораторию",
Martynenko_IMS_2018_Abstract_eng.txt,,"Сomputer Anthology, Methodological problems, Russian, Russian language, Сomputer, Short Stories, century, Russian Narrative, Russian short, Russian fiction"
Perminov_IMS_2019_Abstract_rus.txt,"корректность HTML, кода HTML, качественных характеристик, эстетическая привлекательность, целевой аудитории, основных подхода, верификация кода, представления веб-страницы, области разработок, существует растущая",
Lizunova_IMS_2014_Abstract_eng.txt,,"Media Space, Future, Media, Space, Immensity, information, Reality, media ideas, information space, Lizunova"
Sagmanova_IMS_2018_Abstract_rus.txt,"ДИАЛОГИЧЕСКОЙ РЕЧИ, РУССКОЙ УСТНОЙ, УСТНОЙ ДИАЛОГИЧЕСКОЙ, РЕЧИ Данное, РЕАЛИЗАЦИИ КРАТКИХ, русской диалогической, Данное исследование, ВОПРОСИТЕЛЬНЫХ РЕПЛИК, специфики реализации, КРАТКИХ ВОПРОСИТЕЛЬНЫХ",
Mikoni_IMS_2020_Abstract_rus.txt,"Предлагается применение, применение системного, понятия, модели, определения, анализу определения, системного подхода, Предлагается, определения понятия, подход",
Tolstikova_IMS_2013_Abstract_rus.txt,"Изучение социокультурной, нормативно-ценностными установками, социокультурной специфики, социальных сетей, новой парадигмы, структуры инициировано, инициировано новыми, возможностями социального, социального контроля, парадигмы социальной",
Mochalova_IMS_2018_Abstract_rus.txt,"естественном языке, вопросноответных систем, позволяющих отвечать, вопросы пользователей, весьма актуальной, актуальной задачей, задачей является, является разработка, разработка вопросноответных, машиночитаемым текстам",
Chirkin_IMS_2013_Abstract_eng.txt,,"web pages, automated data, data, pages, automated, web, problems, extraction, Internet, data extraction"
Mikoni_IMS_2019_Abstract_eng.txt,,"control, Petersburg Institute, Russian Academy, semantic analysis, System, analysis, Mikoni, control definitions, concepts, definition"
Filippova_IMS_2014_Abstract_rus.txt,"Рассмотрены основные, основные характеристики, характеристики массовой, массовой коммуникации, Бразилии, современных медиасистем, России, СМИ, называемые СМИ, СМИ первого",
Borisov_IMS_2014_Abstract_rus.txt,"Александринского театра, ИТМО совместно, специалистами Новой, Новой сцены, сцены Александринского, Университета ИТМО, данной статье, статье представлен, представлен опыт, опыт междисциплинарной",
Filippova_IMS_2014_Abstract_eng.txt,,"mass media, Media Systems, Mass Communication, Media, Mass, Present Stage, Systems, Brazil, level, Russia"
Zakharkina_Mbogo_IMS_2013_Abstract_rus.txt,"Предлагается структурная, концепция веб-ресурса, творческие коллективы, форматы деятельности, сетевую среду, функциональная концепция, синтез искусства, предполагают сетевую, Предлагается, веб-ресурса",
Talbonen_IMS_2013_Abstract_rus.txt,"Данная статья, цифровых изображений, представляющих историческую, историческую ценность, статья посвящена, посвящена вопросам, коллекциях цифровых, организации поиска, вопросам организации, ПФЦИК",
Dmitrieva_IMS_2014_Abstract_rus.txt,"государственного управления, работе рассмотрены, рассмотрены вопросы, вопросы создания, создания комплексной, комплексной системы, открытого государственного, системы оценки, оценки открытого, управления",
Zakharov_IMS_2017_Abstract_eng.txt,,"Petersburg State, State University, Russian, prepositional constructions, Russian prepositions, Galina Zolotova, Russian language, Linguistics Studies, Syntactic Dictionary, simple Russian"
Belinskaya_IMS_2014_Abstract_eng.txt,,"Bibliographic Processes, Processes, library processes, Bibliographic, Automation, Russian Academy, bibliographic library, Scientific, Novitskaya, Tileva"
Dyakova_IMS_2013_Abstract_eng.txt,,"Traditional Management, E-government Transition, Traditional, China, Management, Transition, Innovations, E-government, Dyakova, trends"
Martynenko_IMS_2017_Abstract_rus.txt,"статье обсуждается, обсуждается проблема, проблема быстрой, быстрой сходимости, сходимости порядковых, порядковых статистик, предельным величинам, мере увеличения, объема выборки, выборки",
Khokhlova_IMS_2017_Abstract_rus.txt,"Применение квантитативных, получаемые данные, квантитативных методов, корпусному материалу, материалу позволяет, позволяет исследователям, исследователям количественно, количественно оценить, оценить получаемые, Применение",
Boyarsky_IMS_2013_Abstract_rus.txt,"Описаны принципы, анализатора SemSin, принципы работы, работы предсинтаксического, семантико-синтаксического анализатора, предсинтаксического модуля, модуля семантико-синтаксического, Описаны, SemSin, модуля",
Korablinov_IMS_2020_Abstract_rus.txt,"развивающейся областью, текущий момент, момент вопросно-ответный, вопросно-ответный поиск, активно развивающейся, данных, базам знаний, является активно, знаний, областью",
Kudinov_IMS_2014_Abstract_rus.txt,"акцентируя внимание, докладе освещаются, освещаются принципы, органами государственной, Красивый Петербург, государственной власти, электронного участия, механизмы электронного, средствах электронного, электронного взаимодействия",
Belov_IMS_2018_Abstract_rus.txt,"статье описывается, описывается начальный, начальный этап, этап создания, создания лингвистически, лингвистически размеченного, локальных документов, русских локальных, русского языка, локальных",
Khokhlova_IMS_2019_Abstract_rus.txt,"Извлечение коллокаций, прикладной лингвистики, коллокаций представляет, актуальных задач, обработке естественного, разных областях, областях прикладной, естественного языка, Тайга, Извлечение",
Boyarsky_IMS_2019_Abstract_rus.txt,"именованных сущностей, естественном языке, извлечение именованных, способов анализа, анализа документов, языке является, является извлечение, топонимов, Одним, сущностей",
Grokhovskiy_IMS_2014_Abstract_rus.txt,"Настоящий доклад, доклад посвящен, посвящен описанию, описанию работ, созданию параллельного, параллельного тибетскорусского, тибетскорусского корпуса, грамматической традиции, Настоящий, доклад",
Shubinskiy_IMS_2013_Abstract_eng.txt,,"Safer Internet, Internet forchildren, Internet, Safer, forchildren, Shubinskiy, security students, security, student learning, information security"
Ryabchenko_IMS_2014_Abstract_eng.txt,,"opinion leaders, online-social networks, methodological basis, networks, users, Types, opinion, online-social, leaders, online networks"
Kalinichenko_IMS_2014_Abstract_rus.txt,"регионального развития, системы СанктПетербурга, статье представлены, представлены программнотехнические, программнотехнические средства, средства анализа, прогнозирования регионального, рамках государственной, государственной информационной, информационной системы",
Zakharkina_Mbogo_IMS_2013_Abstract_eng.txt,,"Web Laboratory, Creative Groupes, Groupes, Laboratory, Web, Mbogo, Realisation, Creative, Zakharkina, Principals"
Karnup_IMS_2013_Abstract_rus.txt,"корпусной лингвистики, статье описывается, описывается опыт, опыт исследования, исследования коммуникации, использованием методов, методов корпусной, микроблогов Twitter, Twitter, лингвистики",
Kirillova_IMS_2018_Abstract_eng.txt,,"morphological analyzer, hybrid morphological, morphological, Dialogue Evaluation, State University, analyzer, Saint-Petersburg State, hybrid, Testing, format"
Yakushev_IMS_2013_Abstract_rus.txt,"социальных сетей, исследований процессов, используются данные, свойствах социальных, реальном мире, мире используются, сети Vkontakte, сетей, реальном, обосновывается утверждением",
Khokhlova_IMS_2020_Abstract_rus.txt,"статье представлены, задаче автоматического, автоматического выявления, выявления глагольных, машинного обучения, атрибутивных коллокаций, представлены результаты, результаты применения, применения алгоритмов, словосочетаний",
Vissio_IMS_2022_Abstract_rus.txt,"Якутский язык, язык включает, русских заимствований, значительное количество, заимствований, языка, русских, выделения русских, Якутский, якутских текстах",
Pevzner_IMS_2015_Abstract_rus.txt,"информационного потока, основных функций, агентства является, является создание, создание новостного, функций информационного, информационного агентства, новостного информационного, информационного, потока",
Makarov_IMS_2014_Abstract_rus.txt,"Предложены решения, информационном обществе, решения вопроса, вопроса востребованности, востребованности библиотеки, Пермского университета, Предложены, обществе, библиотеке Пермского, Описаны результаты",
Filchenkov_IMS_2014_Abstract_rus.txt,"является нерешенной, протестной активности, цифровым следам, следам пользователей, пользователей социальных, социальных медиа, широком доступе, существует научных, научных статей, Задача прогнозирования",
Mikoni_IMS_2020_Abstract_eng.txt,,"model, definition, approach, Petersburg Institute, Russian Academy, concepts based, concept, structural approach, properties, structural"
Vtiurina_IMS_2014_Abstract_rus.txt,"примере Единого, Единого портала, электронного правительства, государственных услуг, статье анализируется, анализируется информационнокоммуникационная, информационнокоммуникационная деятельность, деятельность субъектов, внедрению программ, портала государственных",
Mikoni_IMS_2018_Abstract_rus.txt,"формализованный подход, экспертному подходу, установлению соотношения, онтологических моделях, моделях противопоставляется, противопоставляется формализованный, понятий, соотношения понятий, анализа, сопоставляемых понятий",
